# id;name;version;mpm;surface;default-granularity;high-granularity;sub-01;sub-02;sub-03;sub-04;sub-05;sub-06;sub-07;sub-08;sub-09;sub-10;sub-11;sub-12;sub-13;sub-14;sub-15;sub-16;sub-17;sub-18;sub-19;sub-20;sub-21;sub-22;sub-23;sub-24;sub-26
1;Area-45;13.0;1;1;1;1;1;0;1;1;1;1;1;1;1;1;0;0;0;0;0;0;0;0;0;1;0;0;0;0;0
2;Area-44;13.0;1;1;1;1;1;0;1;1;1;1;1;1;1;1;0;0;0;0;0;0;0;0;0;1;0;0;0;0;0
3;Area-Fo1;5.2;1;1;1;1;1;0;1;1;1;1;0;1;1;0;1;0;1;1;0;0;0;0;0;0;0;0;0;0;0
4;Area-Fo2;5.2;1;1;1;1;1;0;1;1;1;1;0;1;1;0;1;0;1;1;0;0;0;0;0;0;0;0;0;0;0
5;Area-Fo3;5.2;1;1;1;1;1;0;1;1;1;1;0;1;1;0;1;0;1;1;0;0;0;0;0;0;0;0;0;0;0
6;Area-hOc5;4.2;1;1;1;1;1;1;1;1;1;1;1;1;1;1;0;0;0;0;0;0;0;0;0;0;0;0;0;0;0
7;Area-hOc2;4.2;1;1;1;1;1;1;1;1;1;1;1;1;1;1;0;0;0;0;0;0;0;0;0;0;0;0;0;0;0
8;Area-hOc1;4.2;1;1;1;1;1;1;1;1;1;1;1;1;1;1;0;0;0;0;0;0;0;0;0;0;0;0;0;0;0
9;Area-hOc4v;5.2;1;1;1;1;1;1;1;1;1;1;1;1;1;1;0;0;0;0;0;0;0;0;0;0;0;0;0;0;0
10;Area-hOc3v;5.2;1;1;1;1;1;1;1;1;1;1;1;1;1;1;0;0;0;0;0;0;0;0;0;0;0;0;0;0;0
11;Amygdala-LB.Bl;8.2;0;0;0;1;1;1;1;1;1;0;1;1;1;0;0;0;1;1;0;0;0;0;0;0;0;0;0;0;0
13;Amygdala-LB.La;8.2;0;0;0;1;1;1;1;1;1;0;1;1;1;0;0;0;1;1;0;0;0;0;0;0;0;0;0;0;0
15;Amygdala-LB.Pl;8.2;0;0;0;1;1;1;1;1;1;0;1;1;1;0;0;0;1;1;0;0;0;0;0;0;0;0;0;0;0
16;Amygdala-CM.Ce;8.2;0;0;0;1;1;1;1;1;1;0;1;1;1;0;0;0;1;1;0;0;0;0;0;0;0;0;0;0;0
17;Amygdala-SF.APir;8.2;0;0;0;1;1;1;1;1;1;0;1;1;1;0;0;0;1;1;0;0;0;0;0;0;0;0;0;0;0
18;Amygdala-Astr;8.2;1;0;1;1;1;1;1;1;1;0;1;1;1;0;0;0;1;1;0;0;0;0;0;0;0;0;0;0;0
19;Amygdala-LB.Bm;8.2;0;0;0;1;1;1;1;1;1;0;1;1;1;0;0;0;1;1;0;0;0;0;0;0;0;0;0;0;0
21;Amygdala-CM.Me;8.2;0;0;0;1;1;1;1;1;1;0;1;1;1;0;0;0;1;1;0;0;0;0;0;0;0;0;0;0;0
22;Amygdala-CM.AAA;8.2;0;0;0;1;1;1;1;1;1;0;1;1;1;0;0;0;1;1;0;0;0;0;0;0;0;0;0;0;0
27;Area-Te-1.0;6.2;1;1;1;1;1;0;1;1;1;1;1;1;1;1;0;0;1;0;0;0;0;0;0;0;0;0;0;0;0
28;Area-Te-2.1;6.2;1;1;1;1;1;0;1;1;1;1;1;1;1;1;0;0;1;0;0;0;0;0;0;0;0;0;0;0;0
29;Area-TPJ;6.2;1;1;1;1;1;0;1;1;1;1;1;1;1;1;0;0;1;0;0;0;0;0;0;0;0;0;0;0;0
30;Area-Te-1.2;6.2;1;1;1;1;1;0;1;1;1;1;1;1;1;1;0;0;1;0;0;0;0;0;0;0;0;0;0;0;0
31;Area-Te-3;6.2;1;1;1;1;1;0;1;1;1;1;1;1;1;1;0;0;1;0;0;0;0;0;0;0;0;0;0;0;0
33;Area-Te-1.1;6.2;1;1;1;1;1;0;1;1;1;1;1;1;1;1;0;0;1;0;0;0;0;0;0;0;0;0;0;0;0
34;Area-Te-2.2;6.2;1;1;1;1;1;0;1;1;1;1;1;1;1;1;0;0;1;0;0;0;0;0;0;0;0;0;0;0;0
39;Area-33;20.1;1;1;1;1;1;0;0;0;1;1;1;0;0;1;1;0;0;0;1;1;1;1;0;0;0;0;0;0;0
40;Area-p24ab.p24b;20.1;0;0;0;1;1;0;0;0;1;1;1;0;0;1;1;0;0;0;1;1;1;1;0;0;0;0;0;0;0
43;Area-p24ab.p24a;20.1;0;0;0;1;1;0;0;0;1;1;1;0;0;1;1;0;0;0;1;1;1;1;0;0;0;0;0;0;0
46;Area-s32;20.1;1;1;1;1;1;0;0;0;1;1;1;0;0;1;1;0;0;0;1;1;1;1;0;0;0;0;0;0;0
47;Area-p32;20.1;1;1;1;1;1;0;0;0;1;1;1;0;0;1;1;0;0;0;1;1;1;1;0;0;0;0;0;0;0
48;Area-s24.s24b;20.1;0;0;0;1;1;0;0;0;1;1;1;0;0;1;1;0;0;0;1;1;1;1;0;0;0;0;0;0;0
49;Area-s24.s24a;20.1;0;0;0;1;1;0;0;0;1;1;1;0;0;1;1;0;0;0;1;1;1;1;0;0;0;0;0;0;0
50;Area-p24c.pd24cv;20.1;0;0;0;1;1;0;0;0;1;1;1;0;0;1;1;0;0;0;1;1;1;1;0;0;0;0;0;0;0
51;Area-p24c.pv24c;20.1;0;0;0;1;1;0;0;0;1;1;1;0;0;1;1;0;0;0;1;1;1;1;0;0;0;0;0;0;0
52;Area-p24c.pd24cd;20.1;0;0;0;1;1;0;0;0;1;1;1;0;0;1;1;0;0;0;1;1;1;1;0;0;0;0;0;0;0
53;Area-25.25p;20.1;0;0;0;1;1;0;0;0;1;1;1;0;0;1;1;0;0;0;1;1;1;1;0;0;0;0;0;0;0
55;Area-25.25a;20.1;0;0;0;1;1;0;0;0;1;1;1;0;0;1;1;0;0;0;1;1;1;1;0;0;0;0;0;0;0
56;Area-Id2;9.1;1;1;1;1;0;0;0;0;1;1;1;1;1;0;1;1;0;0;0;0;1;0;0;1;1;0;0;0;0
57;Area-Id3;9.1;1;1;1;1;0;0;0;0;1;1;1;1;1;0;1;1;0;0;0;0;1;0;0;1;1;0;0;0;0
58;Hippocampus-CA2;13.2;1;1;1;1;1;1;1;1;1;0;1;1;1;0;0;0;1;1;0;0;0;0;0;0;0;0;0;0;0
59;Hippocampus-CA3;13.2;1;1;1;1;1;1;1;1;1;0;1;1;1;0;0;0;1;1;0;0;0;0;0;0;0;0;0;0;0
60;Area-EC;13.2;1;1;1;1;1;1;1;1;1;0;1;1;1;0;0;0;1;1;0;0;0;0;0;0;0;0;0;0;0
61;Hippocampus-DG;13.2;1;1;1;1;1;1;1;1;1;0;1;1;1;0;0;0;1;1;0;0;0;0;0;0;0;0;0;0;0
62;Hippocampus-Subc.PaS;13.2;0;0;0;1;1;1;1;1;1;0;1;1;1;0;0;0;1;1;0;0;0;0;0;0;0;0;0;0;0
63;Hippocampus-Subc.PreS;13.2;0;0;0;1;1;1;1;1;1;0;1;1;1;0;0;0;1;1;0;0;0;0;0;0;0;0;0;0;0
64;Hippocampus-Subc.ProS;13.2;0;0;0;1;1;1;1;1;1;0;1;1;1;0;0;0;1;1;0;0;0;0;0;0;0;0;0;0;0
66;Hippocampus-CA1;13.2;1;1;1;1;1;1;1;1;1;0;1;1;1;0;0;0;1;1;0;0;0;0;0;0;0;0;0;0;0
67;Hippocampus-Subc.Sub;13.2;0;0;0;1;1;1;1;1;1;0;1;1;1;0;0;0;1;1;0;0;0;0;0;0;0;0;0;0;0
68;Hippocampus-HATA;13.2;1;0;1;1;1;1;1;1;1;0;1;1;1;0;0;0;1;1;0;0;0;0;0;0;0;0;0;0;0
72;Area-Op4;13.0;1;1;1;1;0;0;0;1;1;1;1;0;1;1;1;1;1;1;0;0;0;0;0;0;0;0;0;0;0
73;Area-Op1;13.0;1;1;1;1;0;0;0;1;1;1;1;0;1;1;1;1;1;1;0;0;0;0;0;0;0;0;0;0;0
74;Area-Op2;13.0;1;1;1;1;0;0;0;1;1;1;1;0;1;1;1;1;1;1;0;0;0;0;0;0;0;0;0;0;0
75;Area-Op3;13.0;1;1;1;1;0;0;0;1;1;1;1;0;1;1;1;1;1;1;0;0;0;0;0;0;0;0;0;0;0
77;Thalamus-VAmc;9.0;1;0;1;1;0;0;0;1;1;1;1;1;1;1;1;1;1;0;0;0;0;0;0;0;0;0;0;0;0
78;Thalamus-VA;9.0;1;0;1;1;0;0;0;1;1;1;1;1;1;1;1;1;1;0;0;0;0;0;0;0;0;0;0;0;0
79;Thalamus-Pf;9.0;1;0;1;1;0;0;0;1;1;1;1;1;1;1;1;1;1;0;0;0;0;0;0;0;0;0;0;0;0
80;Thalamus-LP;9.0;1;0;1;1;0;0;0;1;1;1;1;1;1;1;1;1;1;0;0;0;0;0;0;0;0;0;0;0;0
81;Thalamus-Li;9.0;1;0;1;1;0;0;0;1;1;1;1;1;1;1;1;1;1;0;0;0;0;0;0;0;0;0;0;0;0
82;Thalamus-Pv;9.0;1;0;1;1;0;0;0;1;1;1;1;1;1;1;1;1;1;0;0;0;0;0;0;0;0;0;0;0;0
83;Thalamus-Sg;9.0;1;0;1;1;0;0;0;1;1;1;1;1;1;1;1;1;1;0;0;0;0;0;0;0;0;0;0;0;0
84;Thalamus-Po;9.0;1;0;1;1;0;0;0;1;1;1;1;1;1;1;1;1;1;0;0;0;0;0;0;0;0;0;0;0;0
85;Thalamus-sPf;9.0;1;0;1;1;0;0;0;1;1;1;1;1;1;1;1;1;1;0;0;0;0;0;0;0;0;0;0;0;0
86;Thalamus-Rt;9.0;1;0;1;1;0;0;0;1;1;1;1;1;1;1;1;1;1;0;0;0;0;0;0;0;0;0;0;0;0
88;Thalamus-CL;9.0;1;0;1;1;0;0;0;1;1;1;1;1;1;1;1;1;1;0;0;0;0;0;0;0;0;0;0;0;0
89;Thalamus-PUi;9.0;1;0;1;1;0;0;0;1;1;1;1;1;1;1;1;1;1;0;0;0;0;0;0;0;0;0;0;0;0
91;Thalamus-CM;9.0;1;0;1;1;0;0;0;1;1;1;1;1;1;1;1;1;1;0;0;0;0;0;0;0;0;0;0;0;0
92;Thalamus-VM;9.0;1;0;1;1;0;0;0;1;1;1;1;1;1;1;1;1;1;0;0;0;0;0;0;0;0;0;0;0;0
94;Thalamus-VPMpc;9.0;1;0;1;1;0;0;0;1;1;1;1;1;1;1;1;1;1;0;0;0;0;0;0;0;0;0;0;0;0
95;Thalamus-LD;9.0;1;0;1;1;0;0;0;1;1;1;1;1;1;1;1;1;1;0;0;0;0;0;0;0;0;0;0;0;0
106;Area-FG2;3.2;1;1;1;1;1;1;1;1;1;1;1;1;1;1;0;0;0;0;0;0;0;0;0;0;0;0;0;0;0
107;Area-FG1;3.2;1;1;1;1;1;1;1;1;1;1;1;1;1;1;0;0;0;0;0;0;0;0;0;0;0;0;0;0;0
108;Area-PGp;11.2;1;1;1;1;0;0;0;1;1;1;1;0;1;1;1;1;1;1;0;0;0;0;0;0;0;0;0;0;0
109;Area-PFt;11.2;1;1;1;1;0;0;0;1;1;1;1;0;1;1;1;1;1;1;0;0;0;0;0;0;0;0;0;0;0
110;Area-PGa;11.2;1;1;1;1;0;0;0;1;1;1;1;0;1;1;1;1;1;1;0;0;0;0;0;0;0;0;0;0;0
111;Area-PFop;11.2;1;1;1;1;0;0;0;1;1;1;1;0;1;1;1;1;1;1;0;0;0;0;0;0;0;0;0;0;0
112;Area-PFm;11.2;1;1;1;1;0;0;0;1;1;1;1;0;1;1;1;1;1;1;0;0;0;0;0;0;0;0;0;0;0
113;Area-PFcm;11.2;1;1;1;1;0;0;0;1;1;1;1;0;1;1;1;1;1;1;0;0;0;0;0;0;0;0;0;0;0
114;Area-Ig2;14.2;1;1;1;1;0;0;0;0;1;1;1;1;1;0;1;1;0;0;0;0;1;0;0;1;1;0;0;0;0
115;Area-Ig1;14.2;1;1;1;1;0;0;0;0;1;1;1;1;1;0;1;1;0;0;0;0;1;0;0;1;1;0;0;0;0
116;Area-Id1;14.2;1;1;1;1;0;0;0;0;1;1;1;1;1;0;1;1;0;0;0;0;1;0;0;1;1;0;0;0;0
117;Area-hOc4lp;5.2;1;1;1;1;1;1;1;1;1;1;1;1;1;1;0;0;0;0;0;0;0;0;0;0;0;0;0;0;0
118;Area-hOc4la;5.2;1;1;1;1;1;1;1;1;1;1;1;1;1;1;0;0;0;0;0;0;0;0;0;0;0;0;0;0;0
119;Area-hOc4d;4.2;1;1;1;1;1;1;1;1;1;1;1;1;1;1;0;0;0;0;0;0;0;0;0;0;0;0;0;0;0
120;Area-hOc3d;4.2;1;1;1;1;1;1;1;1;1;1;1;1;1;1;0;0;0;0;0;0;0;0;0;0;0;0;0;0;0
123;Area-4p;14.0;1;1;1;1;1;1;1;1;0;1;1;1;1;1;0;0;1;0;0;0;0;0;0;0;0;0;0;0;0
124;Area-4a;14.0;1;1;1;1;1;1;1;1;0;1;1;1;1;1;0;0;1;0;0;0;0;0;0;0;0;0;0;0;0
125;Area-1;13.0;1;1;1;1;1;1;1;1;0;1;1;1;1;1;0;0;1;0;0;0;0;0;0;0;0;0;0;0;0
126;Area-3a;13.0;1;1;1;1;1;1;1;1;0;1;1;1;1;1;0;0;1;0;0;0;0;0;0;0;0;0;0;0;0
127;Area-3b;13.0;1;1;1;1;1;1;1;1;0;1;1;1;1;1;0;0;1;0;0;0;0;0;0;0;0;0;0;0;0
128;Area-hIP1;7.2;1;1;1;1;0;1;0;1;1;1;1;0;1;1;0;1;1;1;0;0;0;0;0;0;0;0;0;0;0
129;Area-hIP2;7.2;1;1;1;1;0;1;0;1;1;1;1;0;1;1;0;1;1;1;0;0;0;0;0;0;0;0;0;0;0
130;Area-5L;9.2;1;1;1;1;0;1;1;1;0;0;1;1;1;1;0;0;1;1;0;0;0;0;1;0;0;0;0;0;0
131;Area-5M;9.2;1;1;1;1;0;1;1;1;0;0;1;1;1;1;0;0;1;1;0;0;0;0;1;0;0;0;0;0;0
132;Area-7PC;9.2;1;1;1;1;0;1;1;1;0;0;1;1;1;1;0;0;1;1;0;0;0;0;1;0;0;0;0;0;0
133;Area-hIP3;9.2;1;1;1;1;0;1;1;1;0;0;1;1;1;1;0;0;1;1;0;0;0;0;1;0;0;0;0;0;0
134;Area-7A;9.2;1;1;1;1;0;1;1;1;0;0;1;1;1;1;0;0;1;1;0;0;0;0;1;0;0;0;0;0;0
135;Area-7M;9.2;1;1;1;1;0;1;1;1;0;0;1;1;1;1;0;0;1;1;0;0;0;0;1;0;0;0;0;0;0
136;Area-5Ci;9.2;1;1;1;1;0;1;1;1;0;0;1;1;1;1;0;0;1;1;0;0;0;0;1;0;0;0;0;0;0
145;Thalamus-MD;9.0;1;0;1;1;0;0;0;1;1;1;1;1;1;1;1;1;1;0;0;0;0;0;0;0;0;0;0;0;0
147;Thalamus-PUa;9.0;1;0;1;1;0;0;0;1;1;1;1;1;1;1;1;1;1;0;0;0;0;0;0;0;0;0;0;0;0
150;Thalamus-VLA;9.0;1;0;1;1;0;0;0;1;1;1;1;1;1;1;1;1;1;0;0;0;0;0;0;0;0;0;0;0;0
151;Thalamus-PUm;9.0;1;0;1;1;0;0;0;1;1;1;1;1;1;1;1;1;1;0;0;0;0;0;0;0;0;0;0;0;0
153;Thalamus-VLP;9.0;1;0;1;1;0;0;0;1;1;1;1;1;1;1;1;1;1;0;0;0;0;0;0;0;0;0;0;0;0
154;Thalamus-PUl;9.0;1;0;1;1;0;0;0;1;1;1;1;1;1;1;1;1;1;0;0;0;0;0;0;0;0;0;0;0;0
155;Thalamus-VPM;9.0;1;0;1;1;0;0;0;1;1;1;1;1;1;1;1;1;1;0;0;0;0;0;0;0;0;0;0;0;0
156;Thalamus-VPL;9.0;1;0;1;1;0;0;0;1;1;1;1;1;1;1;1;1;1;0;0;0;0;0;0;0;0;0;0;0;0
158;Thalamus-AV;9.0;1;0;1;1;0;0;0;1;1;1;1;1;1;1;1;1;1;0;0;0;0;0;0;0;0;0;0;0;0
159;Area-Id7;8.1;1;1;1;1;0;0;0;0;1;1;1;1;1;0;1;1;0;0;0;0;1;0;0;1;1;0;0;0;0
183;Area-s24;20.1;1;1;1;0;1;0;0;0;1;1;1;0;0;1;1;0;0;0;1;1;1;1;0;0;0;0;0;0;0
184;Area-25;20.1;1;1;1;0;1;0;0;0;1;1;1;0;0;1;1;0;0;0;1;1;1;1;0;0;0;0;0;0;0
185;Amygdala-SF;8.2;1;0;1;0;1;1;1;1;1;0;1;1;1;0;0;0;1;1;0;0;0;0;0;0;0;0;0;0;0
186;Amygdala-SF.AHi;8.2;0;0;0;1;1;1;1;1;1;0;1;1;1;0;0;0;1;1;0;0;0;0;0;0;0;0;0;0;0
187;Amygdala-LB;8.2;1;0;1;0;1;1;1;1;1;0;1;1;1;0;0;0;1;1;0;0;0;0;0;0;0;0;0;0;0
192;Hippocampus-Subc;13.2;1;1;1;0;1;1;1;1;1;0;1;1;1;0;0;0;1;1;0;0;0;0;0;0;0;0;0;0;0
206;Area-PF;11.2;1;1;1;1;0;0;0;1;1;1;1;0;1;1;1;1;1;1;0;0;0;0;0;0;0;0;0;0;0
208;Area-7P;9.2;1;1;1;1;0;1;1;1;0;0;1;1;1;1;0;0;1;1;0;0;0;0;1;0;0;0;0;0;0
211;Area-Fp2;5.1;1;1;1;1;0;0;0;0;0;1;0;0;1;0;0;0;0;1;1;1;1;1;0;0;1;1;0;1;0
212;Area-Fp1;5.1;1;1;1;1;0;0;0;0;0;1;0;0;1;0;0;0;0;1;1;1;1;1;0;0;1;1;0;1;0
216;Midbrain-SNC;3.1;1;0;1;1;0;0;0;0;1;1;1;1;1;1;1;0;0;0;1;1;0;1;0;0;0;0;0;0;0
217;Midbrain-SNR;3.1;1;0;1;1;0;0;0;0;1;1;1;1;1;1;1;0;0;0;1;1;0;1;0;0;0;0;0;0;0
219;Cerebellum-Nfast;6.3;1;0;1;1;0;0;0;0;1;1;1;1;1;1;1;1;0;0;1;0;0;0;0;0;1;0;0;0;0
223;Amygdala-IF.ld;8.2;0;0;0;1;1;1;1;1;1;0;1;1;1;0;0;0;1;1;0;0;0;0;0;0;0;0;0;0;0
224;Amygdala-MF.lm;8.2;0;0;0;1;1;1;1;1;1;0;1;1;1;0;0;0;1;1;0;0;0;0;0;0;0;0;0;0;0
225;Amygdala-IF.iol;8.2;0;0;0;1;1;1;1;1;1;0;1;1;1;0;0;0;1;1;0;0;0;0;0;0;0;0;0;0;0
226;Amygdala-IF.ice;8.2;0;0;0;1;1;1;1;1;1;0;1;1;1;0;0;0;1;1;0;0;0;0;0;0;0;0;0;0;0
227;Amygdala-MF.icm;8.2;0;0;0;1;1;1;1;1;1;0;1;1;1;0;0;0;1;1;0;0;0;0;0;0;0;0;0;0;0
228;Amygdala-VTM;8.2;1;0;1;1;1;1;1;1;1;0;1;1;1;0;0;0;1;1;0;0;0;0;0;0;0;0;0;0;0
231;Area-p24ab;20.1;1;1;1;0;1;0;0;0;1;1;1;0;0;1;1;0;0;0;1;1;1;1;0;0;0;0;0;0;0
232;Area-p24c;20.1;1;1;1;0;1;0;0;0;1;1;1;0;0;1;1;0;0;0;1;1;1;1;0;0;0;0;0;0;0
235;Amygdala-MF;8.2;1;0;1;0;1;1;1;1;1;0;1;1;1;0;0;0;1;1;0;0;0;0;0;0;0;0;0;0;0
236;Amygdala-SF.VCo;8.2;0;0;0;1;1;1;1;1;1;0;1;1;1;0;0;0;1;1;0;0;0;0;0;0;0;0;0;0;0
237;Amygdala-IF;8.2;1;0;1;0;1;1;1;1;1;0;1;1;1;0;0;0;1;1;0;0;0;0;0;0;0;0;0;0;0
238;Area-FG4;7.2;1;1;1;1;1;1;1;1;0;1;1;1;1;1;0;1;0;0;0;0;0;0;0;0;0;0;0;0;0
239;Area-FG3;7.2;1;1;1;1;1;1;1;1;0;1;1;1;1;1;0;1;0;0;0;0;0;0;0;0;0;0;0;0;0
240;Cerebellum-Ndentd;6.3;1;0;1;1;0;0;0;0;1;1;1;1;1;1;1;1;0;0;1;0;0;0;0;0;1;0;0;0;0
241;Cerebellum-Ndentv;6.3;1;0;1;1;0;0;0;0;1;1;1;1;1;1;1;1;0;0;1;0;0;0;0;0;1;0;0;0;0
242;Area-TeI;6.2;1;1;1;1;1;0;1;1;1;1;1;1;1;1;0;0;1;0;0;0;0;0;0;0;0;0;0;0;0
243;Area-TI;6.2;1;1;1;1;1;0;1;1;1;1;1;1;1;1;0;0;1;0;0;0;0;0;0;0;0;0;0;0;0
244;Area-IFS1;4.0;1;1;1;1;1;1;1;1;1;0;1;1;1;1;0;0;0;0;0;0;0;0;0;1;0;0;0;0;0
245;Area-IFS2;4.0;1;1;1;1;1;1;1;1;1;0;1;1;1;1;0;0;0;0;0;0;0;0;0;1;0;0;0;0;0
246;Area-IFS3;4.0;1;1;1;1;1;1;1;1;1;0;1;1;1;1;0;0;0;0;0;0;0;0;0;1;0;0;0;0;0
247;Area-IFS4;4.0;1;1;1;1;1;1;1;1;1;0;1;1;1;1;0;0;0;0;0;0;0;0;0;1;0;0;0;0;0
248;Area-IFJ1;4.0;1;1;1;1;1;1;1;1;1;0;1;1;1;1;0;0;0;0;0;0;0;0;0;1;0;0;0;0;0
249;Area-IFJ2;4.0;1;1;1;1;1;1;1;1;1;0;1;1;1;1;0;0;0;0;0;0;0;0;0;1;0;0;0;0;0
251;Cerebellum-Ninterp;6.3;1;0;1;1;0;0;0;0;1;1;1;1;1;1;1;1;0;0;1;0;0;0;0;0;1;0;0;0;0
252;Area-2;7.1;1;1;1;1;1;1;1;1;0;1;1;1;1;1;0;0;0;0;0;0;0;0;1;0;0;0;0;0;0
264;BasalForebrain-Ch-4;4.0;1;0;1;1;1;0;1;1;1;1;1;1;1;1;0;0;1;0;0;0;0;0;0;0;0;0;0;0;0
271;Area-STS1;5.3;1;1;1;1;1;0;1;1;1;1;1;1;1;1;0;0;1;0;0;0;0;0;0;0;0;0;0;0;0
272;Area-STS2;5.3;1;1;1;1;1;0;1;1;1;1;1;1;1;1;0;0;1;0;0;0;0;0;0;0;0;0;0;0;0
273;Area-Op8;10.0;1;1;1;1;1;0;1;1;1;1;1;1;1;1;0;0;0;0;0;0;0;0;0;1;0;0;0;0;0
274;Area-Op9;10.0;1;1;1;1;1;0;1;1;1;1;1;1;1;1;0;0;0;0;0;0;0;0;0;1;0;0;0;0;0
286;BasalForebrain-Ch-123;4.0;1;0;1;1;1;0;1;1;1;1;1;1;1;1;0;0;1;0;0;0;0;0;0;0;0;0;0;0;0
287;Area-6d1;8.0;1;1;1;1;1;1;0;1;1;1;0;0;1;1;1;0;0;0;0;0;0;0;1;1;0;0;0;0;0
288;Area-6d2;8.0;1;1;1;1;1;1;0;1;1;1;0;0;1;1;1;0;0;0;0;0;0;0;1;1;0;0;0;0;0
289;Area-6d3;8.0;1;1;1;1;1;1;0;1;1;1;0;0;1;1;1;0;0;0;0;0;0;0;1;1;0;0;0;0;0
290;Amygdala-CM;8.2;1;0;1;0;1;1;1;1;1;0;1;1;1;0;0;0;1;1;0;0;0;0;0;0;0;0;0;0;0
291;Area-hOc6;7.3;1;1;1;1;0;1;0;1;1;0;1;1;1;1;0;1;1;0;0;0;0;0;0;1;0;0;0;0;0
292;Area-hIP6;7.3;1;1;1;1;0;1;0;1;1;0;1;1;1;1;0;1;1;0;0;0;0;0;0;1;0;0;0;0;0
293;Area-hIP8;7.3;1;1;1;1;0;1;0;1;1;0;1;1;1;1;0;1;1;0;0;0;0;0;0;1;0;0;0;0;0
294;Area-hIP4;7.3;1;1;1;1;0;1;0;1;1;0;1;1;1;1;0;1;1;0;0;0;0;0;0;1;0;0;0;0;0
295;Area-hIP5;7.3;1;1;1;1;0;1;0;1;1;0;1;1;1;1;0;1;1;0;0;0;0;0;0;1;0;0;0;0;0
296;Area-hIP7;7.3;1;1;1;1;0;1;0;1;1;0;1;1;1;1;0;1;1;0;0;0;0;0;0;1;0;0;0;0;0
297;Area-hPO1;7.3;1;1;1;1;0;1;0;1;1;0;1;1;1;1;0;1;1;0;0;0;0;0;0;1;0;0;0;0;0
298;Area-6mp;13.0;1;1;1;1;1;1;0;1;0;1;0;0;1;1;0;1;0;0;0;0;1;0;0;1;1;0;0;0;0
299;Area-6ma;13.0;1;1;1;1;1;1;0;1;0;1;0;0;1;1;0;1;0;0;0;0;1;0;0;1;1;0;0;0;0
305;Hippocampus-TrS;13.2;1;1;1;1;1;1;1;1;1;0;1;1;1;0;0;0;1;1;0;0;0;0;0;0;0;0;0;0;0
321;BasalForebrain-Tu;4.0;1;0;1;1;1;1;0;0;1;0;1;1;1;0;1;0;1;1;0;0;0;0;0;1;0;0;0;0;0
322;BasalForebrain-TuTi;4.0;1;0;1;1;1;1;0;0;1;0;1;1;1;0;1;0;1;1;0;0;0;0;0;1;0;0;0;0;0
324;Area-Fo4;3.2;1;1;1;1;1;0;0;1;1;0;0;1;1;0;1;0;1;1;0;0;0;0;0;1;1;0;0;0;0
325;Area-Fo5;3.2;1;1;1;1;1;0;0;1;1;0;0;1;1;0;1;0;1;1;0;0;0;0;0;1;1;0;0;0;0
326;Area-Fo6;3.2;1;1;1;1;1;0;0;1;1;0;0;1;1;0;1;0;1;1;0;0;0;0;0;1;1;0;0;0;0
327;Area-Fo7;3.2;1;1;1;1;1;0;0;1;1;0;0;1;1;0;1;0;1;1;0;0;0;0;0;1;1;0;0;0;0
332;Area-8d1;5.0;1;1;1;1;1;0;0;1;1;1;0;1;1;1;1;0;0;0;0;0;0;0;0;1;1;0;0;0;0
333;Area-8d2;5.0;1;1;1;1;1;0;0;1;1;1;0;1;1;1;1;0;0;0;0;0;0;0;0;1;1;0;0;0;0
334;Area-8v2;5.0;1;1;1;1;1;0;0;1;1;1;0;1;1;1;1;0;0;0;0;0;0;0;0;1;1;0;0;0;0
335;Area-8v1;5.0;1;1;1;1;1;0;0;1;1;1;0;1;1;1;1;0;0;0;0;0;0;0;0;1;1;0;0;0;0
336;Area-Ig3;5.1;1;1;1;1;0;0;0;0;1;1;1;1;1;0;1;1;0;0;0;0;1;0;0;1;1;0;0;0;0
337;Area-Id4;5.1;1;1;1;1;0;0;0;0;1;1;1;1;1;0;1;1;0;0;0;0;1;0;0;1;1;0;0;0;0
338;Area-Id5;5.1;1;1;1;1;0;0;0;0;1;1;1;1;1;0;1;1;0;0;0;0;1;0;0;1;1;0;0;0;0
339;Area-Ia1;5.1;1;1;1;1;0;0;0;0;1;1;1;1;1;0;1;1;0;0;0;0;1;0;0;1;1;0;0;0;0
340;Area-Id6;5.1;1;1;1;1;0;0;0;0;1;1;1;1;1;0;1;1;0;0;0;0;1;0;0;1;1;0;0;0;0
341;Area-SFS1;9.0;1;1;1;1;0;0;0;1;1;0;0;1;1;1;1;0;1;1;0;0;0;0;0;1;1;0;0;0;0
342;Area-SFS2;9.0;1;1;1;1;0;0;0;1;1;0;0;1;1;1;1;0;1;1;0;0;0;0;0;1;1;0;0;0;0
343;Area-MFG1;9.0;1;1;1;1;0;0;0;1;1;0;0;1;1;1;1;0;1;1;0;0;0;0;0;1;1;0;0;0;0
344;Area-MFG2;9.0;1;1;1;1;0;0;0;1;1;0;0;1;1;1;1;0;1;1;0;0;0;0;0;1;1;0;0;0;0
346;Area-6v1;11.0;1;1;1;1;1;0;0;1;1;0;1;1;1;1;1;0;0;0;0;0;0;0;0;1;1;0;0;0;0
347;Area-6r1;11.0;1;1;1;1;1;0;0;1;1;0;1;1;1;1;1;0;0;0;0;0;0;0;0;1;1;0;0;0;0
348;Area-Op5;4.0;1;1;1;1;0;0;0;1;1;1;1;1;1;1;0;1;0;0;0;0;0;0;0;1;1;0;0;0;0
349;Area-Op6;4.0;1;1;1;1;0;0;0;1;1;1;1;1;1;1;0;1;0;0;0;0;0;0;0;1;1;0;0;0;0
350;Area-Op7;4.0;1;1;1;1;0;0;0;1;1;1;1;1;1;1;0;1;0;0;0;0;0;0;0;1;1;0;0;0;0
355;Area-Ph1;7.2;1;1;1;1;1;1;0;1;0;1;1;1;1;1;0;1;0;0;0;0;0;0;0;1;0;0;0;0;0
356;Area-Ph2;7.2;1;1;1;1;1;1;0;1;0;1;1;1;1;1;0;1;0;0;0;0;0;0;0;1;0;0;0;0;0
357;Area-Ph3;7.2;1;1;1;1;1;1;0;1;0;1;1;1;1;1;0;1;0;0;0;0;0;0;0;1;0;0;0;0;0
358;Area-CoS1;7.2;1;1;1;1;1;1;0;1;0;1;1;1;1;1;0;1;0;0;0;0;0;0;0;1;0;0;0;0;0
359;VentralStriatum-AcbM;5.0;1;0;1;1;1;0;0;1;1;1;0;1;0;1;0;0;1;0;0;0;1;0;0;1;1;0;0;0;0
360;VentralStriatum-FuCd;5.0;1;0;1;1;1;0;0;1;1;1;0;1;0;1;0;0;1;0;0;0;1;0;0;1;1;0;0;0;0
361;VentralStriatum-FuP;5.0;1;0;1;1;1;0;0;1;1;1;0;1;0;1;0;0;1;0;0;0;1;0;0;1;1;0;0;0;0
362;VentralStriatum-AcbL;5.0;1;0;1;1;1;0;0;1;1;1;0;1;0;1;0;0;1;0;0;0;1;0;0;1;1;0;0;0;0
363;VentralPallidum-VP;5.0;1;0;1;1;1;0;0;1;1;1;0;1;0;1;0;0;1;0;0;0;1;0;0;1;1;0;0;0;0
367;Metathalamus-CGL;10.0;1;0;1;1;1;0;0;1;1;0;1;1;1;1;0;0;1;0;0;0;0;0;0;1;1;0;0;0;0
368;Metathalamus-CGM;10.0;1;0;1;1;1;0;0;1;1;0;1;1;1;1;0;0;1;0;0;0;0;0;0;1;1;0;0;0;0
369;Subthalamus-STN;6.0;1;0;1;1;1;0;0;1;1;1;1;0;1;1;0;1;1;0;0;0;0;0;0;1;0;0;0;0;0
370;Thalamus-VIM;4.0;1;0;1;1;0;0;0;1;1;1;1;1;1;1;1;1;1;0;0;0;0;0;0;0;0;0;0;0;0
372;Area-SFG2;4.0;1;1;1;1;1;0;0;1;1;1;0;1;1;1;1;0;0;0;0;0;0;0;0;1;1;0;0;0;0
373;Area-Id9;4.0;1;1;1;1;1;0;0;1;1;1;1;0;0;1;0;1;0;0;0;0;1;0;0;1;1;0;0;0;0
374;Area-Ia3;4.0;1;1;1;1;1;0;0;1;1;1;1;0;0;1;0;1;0;0;0;0;1;0;0;1;1;0;0;0;0
375;Area-Ia2;4.0;1;1;1;1;1;0;0;1;1;1;1;0;0;1;0;1;0;0;0;0;1;0;0;1;1;0;0;0;0
376;Area-Id8;4.0;1;1;1;1;1;0;0;1;1;1;1;0;0;1;0;1;0;0;0;0;1;0;0;1;1;0;0;0;0
377;Area-Id10;4.0;1;1;1;1;1;0;0;1;1;1;1;0;0;1;0;1;0;0;0;0;1;0;0;1;1;0;0;0;0
378;BasalForebrain-BST;7.0;1;0;1;1;1;0;1;0;1;0;1;1;0;1;0;1;1;0;0;0;0;0;0;1;1;0;0;0;0
385;Area-Op10;5.0;1;1;1;1;1;0;1;1;1;1;1;1;1;1;0;0;0;0;0;0;0;0;0;1;0;0;0;0;0
395;Area-FG5;7.0;1;1;1;1;1;0;0;1;0;1;1;1;1;0;0;1;0;1;0;0;0;0;0;1;1;0;0;0;0
396;Area-OTS1;7.0;1;1;1;1;1;0;0;1;0;1;1;1;1;0;0;1;0;1;0;0;0;0;0;1;1;0;0;0;0
400;Area-PirT.Tit;5.0;0;0;0;1;1;0;0;1;1;0;1;1;1;0;1;0;1;1;0;0;0;0;0;1;0;0;0;0;0
401;Area-PirT.Tu;5.0;0;0;0;1;1;0;0;1;1;0;1;1;1;0;1;0;1;1;0;0;0;0;0;1;0;0;0;0;0
402;Area-PirTB.TBv;5.0;0;0;0;1;1;0;0;1;1;0;1;1;1;0;1;0;1;1;0;0;0;0;0;1;0;0;0;0;0
403;Area-PirTB.TBd;5.0;0;0;0;1;1;0;0;1;1;0;1;1;1;0;1;0;1;1;0;0;0;0;0;1;0;0;0;0;0
451;Area-PirTB;5.0;1;0;1;0;1;0;0;1;1;0;1;1;1;0;1;0;1;1;0;0;0;0;0;1;0;0;0;0;0
452;Area-PirT;5.0;1;0;1;0;1;0;0;1;1;0;1;1;1;0;1;0;1;1;0;0;0;0;0;1;0;0;0;0;0
453;Midbrain-NRm;2.0;1;0;1;1;0;0;0;0;1;1;1;1;1;1;1;1;0;0;1;1;0;0;0;0;0;0;0;0;0
454;Midbrain-NRp;2.0;1;0;1;1;0;0;0;0;1;1;1;1;1;1;1;1;0;0;1;1;0;0;0;0;0;0;0;0;0
456;Area-6v2;11.0;1;1;1;1;1;0;0;1;1;0;1;1;1;1;1;0;0;0;0;0;0;0;0;1;1;0;0;0;0
457;Area-6v3;11.0;1;1;1;1;1;0;0;1;1;0;1;1;1;1;1;0;0;0;0;0;0;0;0;1;1;0;0;0;0
501;GapMap-Frontal-II;31.0;1;1;1;1;1;1;1;1;1;1;1;1;1;1;1;1;1;1;1;1;1;1;1;1;1;1;1;1;1
503;GapMap-Temporal-to-Parietal;31.0;1;1;1;1;1;1;1;1;1;1;1;1;1;1;1;1;1;1;1;1;1;1;1;1;1;1;1;1;1
504;GapMap-Frontal-to-Occipital;31.0;1;1;1;1;1;1;1;1;1;1;1;1;1;1;1;1;1;1;1;1;1;1;1;1;1;1;1;1;1
505;GapMap-Frontal-to-Temporal-I;31.0;1;1;1;1;1;1;1;1;1;1;1;1;1;1;1;1;1;1;1;1;1;1;1;1;1;1;1;1;1
506;GapMap-Frontal-to-Temporal-II;31.0;1;1;1;1;1;1;1;1;1;1;1;1;1;1;1;1;1;1;1;1;1;1;1;1;1;1;1;1;1
507;GapMap-Frontal-I.1;31.0;1;1;1;1;1;1;1;1;1;1;1;1;1;1;1;1;1;1;1;1;1;1;1;1;1;1;1;1;1
508;GapMap-Frontal-I.2;31.0;1;1;1;1;1;1;1;1;1;1;1;1;1;1;1;1;1;1;1;1;1;1;1;1;1;1;1;1;1
514;Thalamus-MV;9.0;1;0;1;1;0;0;0;1;1;1;1;1;1;1;1;1;1;0;0;0;0;0;0;0;0;0;0;0;0
515;Thalamus-AM;9.0;1;0;1;1;0;0;0;1;1;1;1;1;1;1;1;1;1;0;0;0;0;0;0;0;0;0;0;0;0
517;Thalamus-ZI;9.0;1;0;1;1;0;0;0;1;1;1;1;1;1;1;1;1;1;0;0;0;0;0;0;0;0;0;0;0;0
518;Thalamus-VPi;9.0;1;0;1;1;0;0;0;1;1;1;1;1;1;1;1;1;1;0;0;0;0;0;0;0;0;0;0;0;0
521;Area-SFG3;4.0;1;1;1;1;1;0;0;1;1;1;0;1;1;1;1;0;0;0;0;0;0;0;0;1;1;0;0;0;0
522;Area-SFG4;4.0;1;1;1;1;1;0;0;1;1;1;0;1;1;1;1;0;0;0;0;0;0;0;0;1;1;0;0;0;0
523;Area-MFG4;4.0;1;1;1;1;1;0;0;1;1;1;0;1;1;1;1;0;0;0;0;0;0;0;0;1;1;0;0;0;0
524;Area-MFG5;4.0;1;1;1;1;1;0;0;1;1;1;0;1;1;1;1;0;0;0;0;0;0;0;0;1;1;0;0;0;0
